paper,link
2603.06587v1.tei,https://github.com/kermitt2/grobid
2603.06811v1.tei,https://github.com/kermitt2/grobid
2603.06902v1.tei,https://github.com/kermitt2/grobid
2603.07315v1.tei,https://github.com/kermitt2/grobid
2603.07438v1.tei,https://github.com/kermitt2/grobid
2603.07670v1.tei,https://github.com/kermitt2/grobid
2603.07916v1.tei,https://anonymous.4open.science/r/moss-550w
2603.07916v1.tei,https://github.com/kermitt2/grobid
2603.07916v1.tei,https://relbench.stanford.edu
2603.08068v1.tei,https://github.com/kermitt2/grobid
2603.08068v1.tei,https://platform.openai.com/docs/models/
2603.08068v1.tei,https://serper.dev/
2603.08171v1.tei,https://github.com/kermitt2/grobid
2603.08267v1.tei,https://gi
2603.08267v1.tei,https://github.com/Firas-HadjKacem/FinancialBias.git
2603.08267v1.tei,https://github.com/kermitt2/grobid
